"","ID","Description","GeneRatio","BgRatio","pvalue","p.adjust","qvalue","geneID","Count"
"GO:0042100","GO:0042100","B cell proliferation","17/316","104/18870",1.53850899090847e-12,4.47090712758001e-09,4.09081443266821e-09,"TNFRSF13C/CD300A/CD70/TNFRSF13B/GPR183/CD19/BTK/GAPT/VAV3/CR2/FCGR2B/IL7/CD22/CD74/MS4A1/CD79A/IFNA21",17
"GO:0002768","GO:0002768","immune response-regulating cell surface receptor signaling pathway","25/316","346/18870",9.7231625517025e-10,1.41277551876237e-06,1.29266887397898e-06,"FGR/CCR7/HCK/CD160/BANK1/LILRA4/CD300A/NCR3/CD19/BTK/KLRC3/VAV3/BTNL9/FCER2/NR1H3/CR2/FCGR2B/CD22/KLRK1/STAP1/CD79B/NFKBIA/MS4A1/CD79A/CD14",25
"GO:0042113","GO:0042113","B cell activation","22/316","278/18870",1.9005076098852e-09,1.84095837144213e-06,1.68444990265614e-06,"TNFRSF13C/BANK1/CD300A/CD70/TNFRSF13B/GPR183/CD19/BTK/GAPT/VAV3/CR2/CXCR5/FCGR2B/IL7/CD22/HHEX/PAX5/CD74/CD79B/MS4A1/CD79A/IFNA21",22
"GO:0002429","GO:0002429","immune response-activating cell surface receptor signaling pathway","23/316","318/18870",4.56956969867575e-09,3.18889683658709e-06,2.91779382374723e-06,"FGR/CCR7/HCK/CD160/BANK1/CD300A/NCR3/CD19/BTK/KLRC3/VAV3/BTNL9/NR1H3/CR2/FCGR2B/CD22/KLRK1/STAP1/CD79B/NFKBIA/MS4A1/CD79A/CD14",23
"GO:0050853","GO:0050853","B cell receptor signaling pathway","12/316","77/18870",5.48674610562128e-09,3.18889683658709e-06,2.91779382374723e-06,"BANK1/CD300A/CD19/BTK/VAV3/FCGR2B/CD22/STAP1/CD79B/NFKBIA/MS4A1/CD79A",12
"GO:0002764","GO:0002764","immune response-regulating signaling pathway","27/316","500/18870",1.00181154393958e-07,4.48202945897511e-05,4.10099120272798e-05,"FGR/CCR7/HCK/CD160/BANK1/LILRA4/CD300A/NCR3/CD19/BTK/KLRC3/VAV3/BTNL9/FCER2/NR1H3/CR2/FCGR2B/TNF/CD22/KLRK1/OASL/STAP1/CD79B/NFKBIA/MS4A1/CD79A/CD14",27
"GO:0030888","GO:0030888","regulation of B cell proliferation","10/316","65/18870",1.19246158959227e-07,4.48202945897511e-05,4.10099120272798e-05,"TNFRSF13C/CD300A/TNFRSF13B/GPR183/BTK/VAV3/FCGR2B/IL7/CD22/CD74",10
"GO:0002757","GO:0002757","immune response-activating signaling pathway","26/316","473/18870",1.23386908712322e-07,4.48202945897511e-05,4.10099120272798e-05,"FGR/CCR7/HCK/CD160/BANK1/LILRA4/CD300A/NCR3/CD19/BTK/KLRC3/VAV3/BTNL9/NR1H3/CR2/FCGR2B/TNF/CD22/KLRK1/OASL/STAP1/CD79B/NFKBIA/MS4A1/CD79A/CD14",26
"GO:0050900","GO:0050900","leukocyte migration","23/316","396/18870",2.57396648021007e-07,7.59015682302578e-05,6.94488214400808e-05,"CCL19/CCR7/HCK/SELL/CD300A/CXCR4/GPR183/VAV3/CNR2/CXCR5/ADD2/SCG2/ALOX5/TNF/DUSP1/CXCL13/KLRK1/GPR18/CD74/CCL5/STAP1/CD34/CSF3R",23
"GO:0046651","GO:0046651","lymphocyte proliferation","20/316","307/18870",2.61189154267921e-07,7.59015682302578e-05,6.94488214400808e-05,"CCL19/TNFRSF13C/CD300A/CD70/TNFRSF13B/GPR183/CD19/BTK/GAPT/VAV3/CR2/FCGR2B/IL7/CD22/GLMN/CD74/CCL5/MS4A1/CD79A/IFNA21",20
"GO:0032943","GO:0032943","mononuclear cell proliferation","20/316","314/18870",3.74220606628359e-07,9.8862280260183e-05,9.04575361094006e-05,"CCL19/TNFRSF13C/CD300A/CD70/TNFRSF13B/GPR183/CD19/BTK/GAPT/VAV3/CR2/FCGR2B/IL7/CD22/GLMN/CD74/CCL5/MS4A1/CD79A/IFNA21",20
"GO:0070661","GO:0070661","leukocyte proliferation","21/316","350/18870",5.10093681420945e-07,0.000123527686517439,0.000113026020988536,"CCL19/TNFRSF13C/CD300A/CD70/TNFRSF13B/GPR183/CD19/BTK/GAPT/VAV3/CR2/FCGR2B/IL7/CD22/HHEX/GLMN/CD74/CCL5/MS4A1/CD79A/IFNA21",21
"GO:0030595","GO:0030595","leukocyte chemotaxis","17/316","240/18870",6.59084011839936e-07,0.000147330626031297,0.000134805361450014,"CCL19/CCR7/CXCR4/GPR183/VAV3/CNR2/CXCR5/SCG2/ALOX5/DUSP1/CXCL13/KLRK1/GPR18/CD74/CCL5/STAP1/CSF3R",17
"GO:0050864","GO:0050864","regulation of B cell activation","12/316","130/18870",1.95098833017188e-06,0.000390352610832543,0.000357166912363894,"TNFRSF13C/BANK1/CD300A/TNFRSF13B/GPR183/CD19/BTK/VAV3/FCGR2B/IL7/CD22/CD74",12
"GO:0050851","GO:0050851","antigen receptor-mediated signaling pathway","15/316","205/18870",2.01489647711223e-06,0.000390352610832543,0.000357166912363894,"CCR7/CD160/BANK1/CD300A/CD19/BTK/VAV3/BTNL9/FCGR2B/CD22/STAP1/CD79B/NFKBIA/MS4A1/CD79A",15
"GO:0002697","GO:0002697","regulation of immune effector process","21/316","389/18870",2.76991165886962e-06,0.000503085205042194,0.000460315582256885,"CCL19/FGR/CD244/CD160/TGFB3/CD300A/ITGAM/NCR3/BTK/KLRC3/CD1A/FCER2/CR2/FCGR2B/NCF1/CD1C/TNF/CD22/KLRK1/CD74/STAP1",21
"GO:0031343","GO:0031343","positive regulation of cell killing","9/316","76/18870",4.92055047866264e-06,0.000841124687705508,0.000769616749789588,"CD160/ITGAM/NCR3/KLRC3/CD1A/FCER2/CD1C/KLRK1/STAP1",9
"GO:0030183","GO:0030183","B cell differentiation","12/316","153/18870",1.06072195215511e-05,0.00171247666275709,0.00156689102406071,"GPR183/CD19/BTK/CR2/FCGR2B/IL7/HHEX/PAX5/CD79B/MS4A1/CD79A/IFNA21",12
"GO:0050867","GO:0050867","positive regulation of cell activation","20/316","396/18870",1.28032461379804e-05,0.00195822280405111,0.00179174513820158,"CCL19/ZBTB16/TNFRSF13C/FGR/CCR7/CD160/CD70/LILRA5/ITGAM/GPR183/BTK/VAV3/TNF/CD83/IL7/KLRK1/CD74/CCL5/STAP1/CD5",20
"GO:0002699","GO:0002699","positive regulation of immune effector process","16/316","270/18870",1.38052619935117e-05,0.00200590456765725,0.00183537325240056,"CCL19/FGR/CD244/CD160/CD300A/ITGAM/NCR3/BTK/KLRC3/CD1A/FCER2/CD1C/TNF/KLRK1/CD74/STAP1",16
"GO:0036336","GO:0036336","dendritic cell migration","6/316","33/18870",1.5910744999274e-05,0.00220174404609001,0.00201456350216371,"CCL19/CCR7/CXCR4/GPR183/ALOX5/CCL5",6
"GO:0031341","GO:0031341","regulation of cell killing","10/316","111/18870",1.74140249358297e-05,0.00230023438470551,0.00210468071712468,"CD160/ITGAM/NCR3/KLRC3/CD1A/FCER2/FCGR2B/CD1C/KLRK1/STAP1",10
"GO:0001912","GO:0001912","positive regulation of leukocyte mediated cytotoxicity","8/316","69/18870",1.94906426135527e-05,0.00246260032326018,0.00225324316896266,"CD160/ITGAM/NCR3/KLRC3/CD1A/CD1C/KLRK1/STAP1",8
"GO:0002703","GO:0002703","regulation of leukocyte mediated immunity","15/316","249/18870",2.11485561497339e-05,0.00256073767379695,0.00234303740500999,"FGR/CD160/CD300A/ITGAM/NCR3/BTK/KLRC3/CD1A/FCER2/CR2/FCGR2B/CD1C/TNF/KLRK1/STAP1",15
"GO:0002604","GO:0002604","regulation of dendritic cell antigen processing and presentation","4/316","11/18870",2.32065424785913e-05,0.00269752849771146,0.00246819900214407,"CCL19/CCR7/FCGR2B/CD74",4
"GO:0002696","GO:0002696","positive regulation of leukocyte activation","19/316","380/18870",2.4241503875076e-05,0.00270945424080657,0.00247911088212316,"CCL19/ZBTB16/TNFRSF13C/FGR/CCR7/CD160/CD70/ITGAM/GPR183/BTK/VAV3/TNF/CD83/IL7/KLRK1/CD74/CCL5/STAP1/CD5",19
"GO:0007159","GO:0007159","leukocyte cell-cell adhesion","20/316","419/18870",2.87598752708291e-05,0.00309541472359368,0.00283225906175884,"CCL19/ZBTB16/TNFRSF13C/CCR7/CD160/SELL/CD300A/CD70/TNFAIP8L2/ADD2/ALOX5/FCGR2B/TNF/CD83/IL7/KLRK1/GLMN/CD74/CCL5/CD5",20
"GO:0006959","GO:0006959","humoral immune response","15/316","258/18870",3.19625925938208e-05,0.00324591745382801,0.00296996685201925,"CCR7/RNASE6/GPR183/FCER2/CR2/ALOX5/FCGR2B/TNF/CD83/IL7/CXCL13/MS4A1/LYZ/CFD/IFNA21",15
"GO:0001910","GO:0001910","regulation of leukocyte mediated cytotoxicity","9/316","96/18870",3.3424078565114e-05,0.00324591745382801,0.00296996685201925,"CD160/ITGAM/NCR3/KLRC3/CD1A/FCGR2B/CD1C/KLRK1/STAP1",9
"GO:0050855","GO:0050855","regulation of B cell receptor signaling pathway","5/316","23/18870",3.3509127190241e-05,0.00324591745382801,0.00296996685201925,"CD300A/CD19/FCGR2B/CD22/STAP1",5
"GO:0060326","GO:0060326","cell chemotaxis","17/316","325/18870",3.70418973236672e-05,0.00347237914911538,0.00317717598097057,"CCL19/CCR7/CXCR4/GPR183/VAV3/CNR2/CXCR5/SCG2/ALOX5/DUSP1/CXCL13/KLRK1/GPR18/CD74/CCL5/STAP1/CSF3R",17
"GO:0038093","GO:0038093","Fc receptor signaling pathway","7/316","56/18870",3.96615447197304e-05,0.00360176402986052,0.00329556124875128,"FGR/HCK/LILRA4/BTK/VAV3/FCER2/FCGR2B",7
"GO:0070663","GO:0070663","regulation of leukocyte proliferation","15/316","267/18870",4.73847407484886e-05,0.0041727289883366,0.00381798580959114,"CCL19/TNFRSF13C/CD300A/CD70/TNFRSF13B/GPR183/BTK/VAV3/FCGR2B/IL7/CD22/HHEX/GLMN/CD74/CCL5",15
"GO:0002705","GO:0002705","positive regulation of leukocyte mediated immunity","11/316","151/18870",4.89434343328898e-05,0.00418322412268758,0.00382758870355665,"CD160/ITGAM/NCR3/BTK/KLRC3/CD1A/FCER2/CD1C/TNF/KLRK1/STAP1",11
"GO:0050670","GO:0050670","regulation of lymphocyte proliferation","14/316","238/18870",5.15186606762976e-05,0.00427752079786631,0.00391386877799482,"CCL19/TNFRSF13C/CD300A/CD70/TNFRSF13B/GPR183/BTK/VAV3/FCGR2B/IL7/CD22/GLMN/CD74/CCL5",14
"GO:0002437","GO:0002437","inflammatory response to antigenic stimulus","8/316","80/18870",5.76257968761756e-05,0.00465168238117129,0.00425622113769648,"FGR/CYSLTR1/CCR7/HCK/BTK/FCGR2B/TNF/IL1RN",8
"GO:0032944","GO:0032944","regulation of mononuclear cell proliferation","14/316","242/18870",6.16878706150107e-05,0.0048072771346465,0.00439858805452134,"CCL19/TNFRSF13C/CD300A/CD70/TNFRSF13B/GPR183/BTK/VAV3/FCGR2B/IL7/CD22/GLMN/CD74/CCL5",14
"GO:0002407","GO:0002407","dendritic cell chemotaxis","5/316","26/18870",6.28618482851229e-05,0.0048072771346465,0.00439858805452134,"CCL19/CCR7/CXCR4/GPR183/CCL5",5
"GO:1903037","GO:1903037","regulation of leukocyte cell-cell adhesion","18/316","382/18870",8.49715821662782e-05,0.00633147225064627,0.00579320422542561,"CCL19/ZBTB16/TNFRSF13C/CCR7/CD160/CD300A/CD70/TNFAIP8L2/ALOX5/FCGR2B/TNF/CD83/IL7/KLRK1/GLMN/CD74/CCL5/CD5",18
"GO:0002468","GO:0002468","dendritic cell antigen processing and presentation","4/316","15/18870",9.10323651001536e-05,0.00645219641417186,0.00590366506400482,"CCL19/CCR7/FCGR2B/CD74",4
"GO:1902563","GO:1902563","regulation of neutrophil activation","4/316","15/18870",9.10323651001536e-05,0.00645219641417186,0.00590366506400482,"CD300A/ITGAM/FCGR2B/TNF",4
"GO:0030890","GO:0030890","positive regulation of B cell proliferation","6/316","45/18870",9.88384894326117e-05,0.00683868214978975,0.00625729384227512,"TNFRSF13C/GPR183/BTK/VAV3/IL7/CD74",6
"GO:0045088","GO:0045088","regulation of innate immune response","19/316","425/18870",0.000108369554142534,0.00732376568228383,0.00670113815823847,"FGR/HCK/POLR3F/CD160/LILRA4/CD300A/NCR3/BTK/KLRC3/NR1H3/FCGR2B/NCF1/TNF/KLRK1/OASL/CCL5/NFKBIA/EREG/CD14",19
"GO:0050854","GO:0050854","regulation of antigen receptor-mediated signaling pathway","7/316","66/18870",0.000115461050759779,0.00762567757972543,0.00697738311529193,"CCR7/CD160/CD300A/CD19/FCGR2B/CD22/STAP1",7
"GO:0002443","GO:0002443","leukocyte mediated immunity","20/316","466/18870",0.000124407859154168,0.00800360287806757,0.00732317921903817,"FGR/CD160/CD300A/CD70/ITGAM/NCR3/CD19/BTK/KLRC3/GAPT/CD1A/FCER2/CR2/FCGR2B/CD1C/TNF/KLRK1/CD74/STAP1/IL9R",20
"GO:0002920","GO:0002920","regulation of humoral immune response","6/316","47/18870",0.000126691580313527,0.00800360287806757,0.00732317921903817,"CCR7/FCER2/CR2/FCGR2B/TNF/CXCL13",6
"GO:0002861","GO:0002861","regulation of inflammatory response to antigenic stimulus","6/316","48/18870",0.000142773392340839,0.00864373912796828,0.00790889449677541,"FGR/CCR7/HCK/BTK/FCGR2B/TNF",6
"GO:0031295","GO:0031295","T cell costimulation","6/316","48/18870",0.000142773392340839,0.00864373912796828,0.00790889449677541,"CCL19/TNFRSF13C/CCR7/CD160/KLRK1/CD5",6
"GO:0030889","GO:0030889","negative regulation of B cell proliferation","4/316","17/18870",0.000154575981541874,0.00916730208899359,0.00838794692534423,"CD300A/TNFRSF13B/BTK/FCGR2B",4
"GO:0002833","GO:0002833","positive regulation of response to biotic stimulus","17/316","369/18870",0.000174331164856227,0.0101321273014439,0.00927074784056482,"HCK/POLR3F/CD160/LILRA4/CD300A/NCR3/BTK/KLRC3/LY86/NR1H3/TNF/KLRK1/OASL/CCL5/NFKBIA/EREG/CD14",17
"GO:0031294","GO:0031294","lymphocyte costimulation","6/316","50/18870",0.000179768154796241,0.0102432599576054,0.00937243259061519,"CCL19/TNFRSF13C/CCR7/CD160/KLRK1/CD5",6
"GO:0031349","GO:0031349","positive regulation of defense response","20/316","480/18870",0.000184339438830347,0.0103017386392498,0.00942593972642624,"CCR7/HCK/POLR3F/CD160/LILRA4/CD300A/LILRA5/NCR3/BTK/KLRC3/NR1H3/OSM/TNF/KLRK1/OASL/CCL5/STAP1/NFKBIA/EREG/CD14",20
"GO:0002923","GO:0002923","regulation of humoral immune response mediated by circulating immunoglobulin","4/316","18/18870",0.000196129126628208,0.0107537970185202,0.00983956651167532,"FCER2/CR2/FCGR2B/TNF",4
"GO:0050869","GO:0050869","negative regulation of B cell activation","5/316","33/18870",0.000206051535036546,0.0110886252003001,0.0101459293860101,"BANK1/CD300A/TNFRSF13B/BTK/FCGR2B",5
"GO:0045089","GO:0045089","positive regulation of innate immune response","16/316","343/18870",0.000234302133669201,0.0122735283856083,0.0112300984178095,"HCK/POLR3F/CD160/LILRA4/CD300A/NCR3/BTK/KLRC3/NR1H3/TNF/KLRK1/OASL/CCL5/NFKBIA/EREG/CD14",16
"GO:1903039","GO:1903039","positive regulation of leukocyte cell-cell adhesion","14/316","275/18870",0.000236516720438426,0.0122735283856083,0.0112300984178095,"CCL19/ZBTB16/TNFRSF13C/CCR7/CD160/CD70/ALOX5/TNF/CD83/IL7/KLRK1/CD74/CCL5/CD5",14
"GO:0022407","GO:0022407","regulation of cell-cell adhesion","20/316","493/18870",0.000261404873058703,0.0133270624755893,0.0121940666545943,"CCL19/ZBTB16/TNFRSF13C/CCR7/CD160/CD300A/CD70/TNFAIP8L2/ALOX5/FCGR2B/TNF/CD83/IL7/CXCL13/KLRK1/IL1RN/GLMN/CD74/CCL5/CD5",20
"GO:0002688","GO:0002688","regulation of leukocyte chemotaxis","9/316","126/18870",0.000274159730513388,0.0137363478771018,0.0125685567926827,"CCL19/CCR7/DUSP1/CXCL13/KLRK1/GPR18/CD74/CCL5/STAP1",9
"GO:0002577","GO:0002577","regulation of antigen processing and presentation","4/316","20/18870",0.000302437101868477,0.0148026699807624,0.0135442258743818,"CCL19/CCR7/FCGR2B/CD74",4
"GO:0001819","GO:0001819","positive regulation of cytokine production","20/316","499/18870",0.000305629800015741,0.0148026699807624,0.0135442258743818,"CCL19/FGR/CD244/CCR7/POLR3F/CD160/HMHB1/LILRA5/BTK/LTB/OSM/TNF/CD83/IL7/KLRK1/GLMN/CD74/CD34/EREG/CD14",20
"GO:0002708","GO:0002708","positive regulation of lymphocyte mediated immunity","9/316","129/18870",0.000326630798318006,0.0155604770477398,0.0142376082234906,"CD160/NCR3/BTK/KLRC3/CD1A/FCER2/CD1C/TNF/KLRK1",9
"GO:0002706","GO:0002706","regulation of lymphocyte mediated immunity","11/316","188/18870",0.000340509449995731,0.0159600074465741,0.0146031726772363,"CD160/NCR3/BTK/KLRC3/CD1A/FCER2/CR2/FCGR2B/CD1C/TNF/KLRK1",11
"GO:0030098","GO:0030098","lymphocyte differentiation","18/316","429/18870",0.000354053159588699,0.0163314044724565,0.0149429955074529,"CCL19/ZBTB16/CCR7/GPR183/CD19/BTK/CR2/FCGR2B/CD83/IL7/HHEX/PAX5/GPR18/CD74/CD79B/MS4A1/CD79A/IFNA21",18
"GO:0043552","GO:0043552","positive regulation of phosphatidylinositol 3-kinase activity","4/316","21/18870",0.00036869773358109,0.0165594447042532,0.0151516489741528,"CCL19/FGR/CCR7/CD19",4
"GO:0022409","GO:0022409","positive regulation of cell-cell adhesion","15/316","322/18870",0.000370393635848746,0.0165594447042532,0.0151516489741528,"CCL19/ZBTB16/TNFRSF13C/CCR7/CD160/CD70/ALOX5/TNF/CD83/IL7/CXCL13/KLRK1/CD74/CCL5/CD5",15
"GO:0002886","GO:0002886","regulation of myeloid leukocyte mediated immunity","6/316","59/18870",0.000449385231539137,0.0197865679220111,0.0181044193758829,"FGR/CD300A/ITGAM/BTK/FCGR2B/STAP1",6
"GO:0051251","GO:0051251","positive regulation of lymphocyte activation","15/316","330/18870",0.000478838237162591,0.0207687151820073,0.0190030697104903,"CCL19/ZBTB16/TNFRSF13C/CCR7/CD160/CD70/GPR183/BTK/VAV3/CD83/IL7/KLRK1/CD74/CCL5/CD5",15
"GO:0002449","GO:0002449","lymphocyte mediated immunity","16/316","368/18870",0.000508988734070394,0.0211498440313716,0.0193517970164251,"CD160/CD70/NCR3/CD19/BTK/KLRC3/GAPT/CD1A/FCER2/CR2/FCGR2B/CD1C/TNF/KLRK1/CD74/IL9R",16
"GO:0002883","GO:0002883","regulation of hypersensitivity","3/316","10/18870",0.00051155365590436,0.0211498440313716,0.0193517970164251,"CCR7/BTK/FCGR2B",3
"GO:1903131","GO:1903131","mononuclear cell differentiation","19/316","481/18870",0.000514220345756669,0.0211498440313716,0.0193517970164251,"CCL19/ZBTB16/CCR7/GPR183/CD19/BTK/CR2/FCGR2B/CD83/IL7/HHEX/PAX5/GPR18/CD74/FOS/CD79B/MS4A1/CD79A/IFNA21",19
"GO:0045785","GO:0045785","positive regulation of cell adhesion","19/316","482/18870",0.000527332204276623,0.0211498440313716,0.0193517970164251,"CCL19/ZBTB16/TNFRSF13C/TPM1/CCR7/CD160/CD70/VAV3/ALOX5/TNF/CD83/IL7/CXCL13/KLRK1/FBLN2/CD74/CCL5/RRAS/CD5",19
"GO:0002689","GO:0002689","negative regulation of leukocyte chemotaxis","4/316","23/18870",0.000531293397897498,0.0211498440313716,0.0193517970164251,"DUSP1/KLRK1/GPR18/STAP1",4
"GO:0061042","GO:0061042","vascular wound healing","4/316","23/18870",0.000531293397897498,0.0211498440313716,0.0193517970164251,"CXCR4/ALOX5/TNF/CD34",4
"GO:0050920","GO:0050920","regulation of chemotaxis","12/316","232/18870",0.000566266753244901,0.0222374484449957,0.0203469390995252,"CCL19/CCR7/CXCR4/GPR183/SCG2/DUSP1/CXCL13/KLRK1/GPR18/CD74/CCL5/STAP1",12
"GO:0002366","GO:0002366","leukocyte activation involved in immune response","14/316","301/18870",0.000585803182965198,0.0226979206626249,0.0207682644234399,"CCL19/FGR/CD244/CD300A/ITGAM/GPR183/CD19/BTK/GAPT/FCGR2B/CD1C/TNF/CD74/IFNA21",14
"GO:0001909","GO:0001909","leukocyte mediated cytotoxicity","9/316","140/18870",0.000594946630786027,0.0227488803824236,0.0208148918194668,"CD160/ITGAM/NCR3/KLRC3/CD1A/FCGR2B/CD1C/KLRK1/STAP1",9
"GO:0002695","GO:0002695","negative regulation of leukocyte activation","11/316","202/18870",0.000623651967414621,0.0234418135149438,0.0214489154702605,"FGR/BANK1/CD300A/TNFRSF13B/BTK/TNFAIP8L2/CNR2/NR1H3/FCGR2B/GLMN/CD74",11
"GO:0002922","GO:0002922","positive regulation of humoral immune response","4/316","24/18870",0.000629202152156097,0.0234418135149438,0.0214489154702605,"CCR7/FCER2/FCGR2B/TNF",4
"GO:0042119","GO:0042119","neutrophil activation","5/316","42/18870",0.000653056732674312,0.0240225679133108,0.0219802972249875,"CD300A/ITGAM/FCGR2B/TNF/CCL5",5
"GO:0002263","GO:0002263","cell activation involved in immune response","14/316","305/18870",0.000666720072072738,0.0242186066180422,0.0221596697638913,"CCL19/FGR/CD244/CD300A/ITGAM/GPR183/CD19/BTK/GAPT/FCGR2B/CD1C/TNF/CD74/IFNA21",14
"GO:0050863","GO:0050863","regulation of T cell activation","16/316","381/18870",0.000738691708904951,0.0261839526800519,0.0239579325786254,"CCL19/ZBTB16/TNFRSF13C/CCR7/CD160/CD300A/CD70/TNFAIP8L2/FCGR2B/CD83/IL7/KLRK1/GLMN/CD74/CCL5/CD5",16
"GO:0038095","GO:0038095","Fc-epsilon receptor signaling pathway","4/316","25/18870",0.000739245411138153,0.0261839526800519,0.0239579325786254,"LILRA4/BTK/VAV3/FCER2",4
"GO:0019882","GO:0019882","antigen processing and presentation","8/316","116/18870",0.00075175871135519,0.0261839526800519,0.0239579325786254,"CCL19/CCR7/WDFY4/CD1A/FCER2/FCGR2B/CD1C/CD74",8
"GO:0045834","GO:0045834","positive regulation of lipid metabolic process","9/316","145/18870",0.000765876110737926,0.0261839526800519,0.0239579325786254,"CCL19/FGR/CCR7/SLC45A3/CD19/SIRT4/NR1H3/TNF/CD74",9
"GO:0050671","GO:0050671","positive regulation of lymphocyte proliferation","9/316","145/18870",0.000765876110737926,0.0261839526800519,0.0239579325786254,"CCL19/TNFRSF13C/CD70/GPR183/BTK/VAV3/IL7/CD74/CCL5",9
"GO:0002274","GO:0002274","myeloid leukocyte activation","12/316","241/18870",0.000791429847317263,0.0267429667012089,0.0244694222071409,"FGR/CD300A/ITGAM/BTK/CNR2/FCER2/NR1H3/FCGR2B/TNF/CD74/CCL5/STAP1",12
"GO:0018108","GO:0018108","peptidyl-tyrosine phosphorylation","13/316","276/18870",0.000812567793614684,0.0271416322786698,0.0248341953620168,"FGR/HCK/BANK1/CD300A/LILRA5/BTK/GH1/OSM/NCF1/TNF/IL7/CD74/CCL5",13
"GO:0002433","GO:0002433","immune response-regulating cell surface receptor signaling pathway involved in phagocytosis","4/316","26/18870",0.000862224240747796,0.0277278514028177,0.0253705772606649,"FGR/HCK/VAV3/FCGR2B",4
"GO:0038096","GO:0038096","Fc-gamma receptor signaling pathway involved in phagocytosis","4/316","26/18870",0.000862224240747796,0.0277278514028177,0.0253705772606649,"FGR/HCK/VAV3/FCGR2B",4
"GO:0090218","GO:0090218","positive regulation of lipid kinase activity","4/316","26/18870",0.000862224240747796,0.0277278514028177,0.0253705772606649,"CCL19/FGR/CCR7/CD19",4
"GO:0018212","GO:0018212","peptidyl-tyrosine modification","13/316","278/18870",0.000868284403873508,0.0277278514028177,0.0253705772606649,"FGR/HCK/BANK1/CD300A/LILRA5/BTK/GH1/OSM/NCF1/TNF/IL7/CD74/CCL5",13
"GO:0032946","GO:0032946","positive regulation of mononuclear cell proliferation","9/316","148/18870",0.000886327478369624,0.027996387523284,0.025616283871415,"CCL19/TNFRSF13C/CD70/GPR183/BTK/VAV3/IL7/CD74/CCL5",9
"GO:0006935","GO:0006935","chemotaxis","18/316","468/18870",0.000973244586750606,0.0304112770870673,0.0278258723953824,"CCL19/CYSLTR1/CCR7/CXCR4/GPR183/VAV3/CNR2/CXCR5/SCG2/ALOX5/DUSP1/CXCL13/KLRK1/GPR18/CD74/CCL5/STAP1/CSF3R",18
"GO:0051896","GO:0051896","regulation of phosphatidylinositol 3-kinase/protein kinase B signal transduction","12/316","248/18870",0.00101445284518369,0.0312406242984669,0.0285847129271299,"CCL19/FGR/CCR7/BANK1/MIR29C/GH1/OSM/NCF1/TNF/CCL5/RRAS/AKR1C3",12
"GO:0042330","GO:0042330","taxis","18/316","470/18870",0.00102128675442339,0.0312406242984669,0.0285847129271299,"CCL19/CYSLTR1/CCR7/CXCR4/GPR183/VAV3/CNR2/CXCR5/SCG2/ALOX5/DUSP1/CXCL13/KLRK1/GPR18/CD74/CCL5/STAP1/CSF3R",18
"GO:0050870","GO:0050870","positive regulation of T cell activation","12/316","251/18870",0.00112487648130866,0.034050948486281,0.0311561183309834,"CCL19/ZBTB16/TNFRSF13C/CCR7/CD160/CD70/CD83/IL7/KLRK1/CD74/CCL5/CD5",12
"GO:0002675","GO:0002675","positive regulation of acute inflammatory response","4/316","28/18870",0.00115020284172314,0.0344586542066748,0.0315291630840223,"CCR7/BTK/OSM/TNF",4
"GO:0002863","GO:0002863","positive regulation of inflammatory response to antigenic stimulus","3/316","13/18870",0.00117454391953418,0.0344770164663266,0.0315459642822259,"CCR7/BTK/TNF",3
"GO:0042976","GO:0042976","activation of Janus kinase activity","3/316","13/18870",0.00117454391953418,0.0344770164663266,0.0315459642822259,"CD300A/GH1/CCL5",3
"GO:0043491","GO:0043491","phosphatidylinositol 3-kinase/protein kinase B signal transduction","13/316","290/18870",0.0012742722192128,0.0368303458638625,0.0336992261571763,"CCL19/FGR/CCR7/CD160/BANK1/MIR29C/GH1/OSM/NCF1/TNF/CCL5/RRAS/AKR1C3",13
"GO:0097530","GO:0097530","granulocyte migration","9/316","156/18870",0.00128435109609299,0.0368303458638625,0.0336992261571763,"CCL19/CCR7/CD300A/VAV3/SCG2/CXCL13/CD74/CCL5/CSF3R",9
"GO:0030100","GO:0030100","regulation of endocytosis","13/316","291/18870",0.00131426193720397,0.0368303458638625,0.0336992261571763,"CCL19/FGR/HCK/CD300A/BTK/GPC3/NR1H3/FCGR2B/TNF/CD22/STAP1/CD14/VAC14",13
"GO:0045954","GO:0045954","positive regulation of natural killer cell mediated cytotoxicity","4/316","29/18870",0.00131680968521121,0.0368303458638625,0.0336992261571763,"CD160/NCR3/KLRC3/KLRK1",4
"GO:0002673","GO:0002673","regulation of acute inflammatory response","5/316","49/18870",0.00133075922770322,0.0368303458638625,0.0336992261571763,"CCR7/BTK/OSM/FCGR2B/TNF",5
"GO:0036230","GO:0036230","granulocyte activation","5/316","49/18870",0.00133075922770322,0.0368303458638625,0.0336992261571763,"CD300A/ITGAM/FCGR2B/TNF/CCL5",5
"GO:1990868","GO:1990868","response to chemokine","7/316","99/18870",0.00138096036072806,0.0372317481760227,0.0340665033841538,"CCL19/CCR7/CXCR4/CXCR5/DUSP1/CXCL13/CCL5",7
"GO:1990869","GO:1990869","cellular response to chemokine","7/316","99/18870",0.00138096036072806,0.0372317481760227,0.0340665033841538,"CCL19/CCR7/CXCR4/CXCR5/DUSP1/CXCL13/CCL5",7
"GO:0001906","GO:0001906","cell killing","11/316","223/18870",0.00139651085725619,0.0372317481760227,0.0340665033841538,"CD160/ITGAM/NCR3/KLRC3/CD1A/FCER2/FCGR2B/CD1C/KLRK1/STAP1/LYZ",11
"GO:0050866","GO:0050866","negative regulation of cell activation","11/316","223/18870",0.00139651085725619,0.0372317481760227,0.0340665033841538,"FGR/BANK1/CD300A/TNFRSF13B/BTK/TNFAIP8L2/CNR2/NR1H3/FCGR2B/GLMN/CD74",11
"GO:0050764","GO:0050764","regulation of phagocytosis","7/316","100/18870",0.00146404046565978,0.0383079504771285,0.0350512127015708,"FGR/HCK/CD300A/BTK/FCGR2B/TNF/STAP1",7
"GO:0002524","GO:0002524","hypersensitivity","3/316","14/18870",0.00147642479471383,0.0383079504771285,0.0350512127015708,"CCR7/BTK/FCGR2B",3
"GO:0061043","GO:0061043","regulation of vascular wound healing","3/316","14/18870",0.00147642479471383,0.0383079504771285,0.0350512127015708,"CXCR4/ALOX5/TNF",3
"GO:0071621","GO:0071621","granulocyte chemotaxis","8/316","130/18870",0.00157232250453655,0.040435125647639,0.036997546776519,"CCL19/CCR7/VAV3/SCG2/CXCL13/CD74/CCL5/CSF3R",8
"GO:0033674","GO:0033674","positive regulation of kinase activity","14/316","337/18870",0.00172467046064397,0.0439639680581699,0.0402263858133579,"CCL19/FGR/CCR7/ADRB2/CD300A/LILRA5/BORA/CD19/GH1/NCF1/TNF/CD74/CCL5/EREG",14
"GO:0002685","GO:0002685","regulation of leukocyte migration","11/316","230/18870",0.00178444432658991,0.0450921322875677,0.0412586395328707,"CCL19/CCR7/CD300A/TNF/DUSP1/CXCL13/KLRK1/GPR18/CD74/CCL5/STAP1",11
"GO:0032729","GO:0032729","positive regulation of type II interferon production","6/316","77/18870",0.0018398898892407,0.0460924139494265,0.0421738825791471,"CD244/CD160/HMHB1/TNF/KLRK1/CD14",6
"GO:0002431","GO:0002431","Fc receptor mediated stimulatory signaling pathway","4/316","32/18870",0.00191669075232021,0.0472025705613773,0.043189659592871,"FGR/HCK/VAV3/FCGR2B",4
"GO:0060055","GO:0060055","angiogenesis involved in wound healing","4/316","32/18870",0.00191669075232021,0.0472025705613773,0.043189659592871,"CXCR4/ALOX5/TNF/CD34",4
"GO:0070665","GO:0070665","positive regulation of leukocyte proliferation","9/316","166/18870",0.00197247133871001,0.0481680815990864,0.0440730880281423,"CCL19/TNFRSF13C/CD70/GPR183/BTK/VAV3/IL7/CD74/CCL5",9
